開発緑地一覧,,,,,,
緑地名,構成筆,町名,字名,番地,枝番,台帳地積（㎡）
アイルタウン百々住宅緑地,百々町８丁目３２番１８６,百々町,８丁目,32,186,"4,007.00"
アイルタウン百々住宅緑地,百々町８丁目３２番１９４,百々町,８丁目,32,194,190
アイルタウン百々住宅緑地,百々町８丁目３２番１９８,百々町,８丁目,32,198,910
アイルタウン百々住宅緑地,百々町８丁目３２番１９２,百々町,８丁目,32,192,"1,077.00"
アイルタウン百々住宅緑地,百々町８丁目３２番１９０,百々町,８丁目,32,190,575
アイルタウン百々住宅緑地,百々町８丁目３２番１８７,百々町,８丁目,32,187,"1,735.00"
秋葉町７丁目緑地,秋葉町７丁目１０番１０,秋葉町,７丁目,10,10,976
秋葉町７丁目緑地,秋葉町７丁目１０番２７,秋葉町,７丁目,10,27,888
泉緑地,泉町３丁目２番１１６,泉町,３丁目,2,116,"1,455.00"
市木町北山緑地,市木町５丁目１９番９,市木町,５丁目,19,9,68
市木町北山緑地,市木町５丁目１９番５,市木町,５丁目,19,5,36
市木町桑原緑地,市木町５丁目１９番１,市木町,５丁目,19,1,404
市木町桑原緑地,市木町５丁目１９番２,市木町,５丁目,19,2,794
市木町桑原緑地,市木町５丁目１９番３,市木町,５丁目,19,3,"1,960.00"
市木南緑地,市木町９丁目１９番,市木町,９丁目,19,0,520
市木南緑地,市木町１０丁目１０番８,市木町,１０丁目,10,8,"3,889.00"
市木南緑地,市木町１０丁目１０番９,市木町,１０丁目,10,9,"3,219.00"
市木南緑地,市木町１０丁目２０番,市木町,１０丁目,20,0,642
市木南緑地,市木町１０丁目２１番１,市木町,１０丁目,21,1,"16,486.00"
市木南緑地,市木町１０丁目２２番１,市木町,１０丁目,22,1,"5,293.00"
市木南緑地,市木町１０丁目２２番４,市木町,１０丁目,22,4,"1,440.00"
市木南緑地,市木町１０丁目２２番６,市木町,１０丁目,22,6,624
伊保原レジデンスパーク緑地,浄水町南平１８７番９,浄水町,南平,187,9,403
伊保原レジデンスパーク緑地,花丘町２丁目５０番１,花丘町,２丁目,50,1,"1,689.00"
伊保原レジデンスパーク緑地,浄水町南平１８７番１０,浄水町,南平,187,10,502
伊保原レジデンスパーク緑地,浄水町南平１８７番１４４,浄水町,南平,187,144,1.16
伊保原レジデンスパーク緑地,浄水町南平１８７番３７３,浄水町,南平,187,373,"2,828.00"
伊保原レジデンスパーク緑地,浄水町南平１８７番３７７,浄水町,南平,187,377,144
伊保原レジデンスパーク緑地,浄水町南平１８７番３８７,浄水町,南平,187,387,"8,000.00"
伊保原レジデンスパーク緑地,浄水町南平１８７番３８８,浄水町,南平,187,388,"5,709.00"
伊保原レジデンスパーク緑地,浄水町南平１８７番３８９,浄水町,南平,187,389,"7,772.00"
伊保原レジデンスパーク緑地,浄水町南平１８７番３９０,浄水町,南平,187,390,22
伊保原レジデンスパーク緑地,浄水町南平１８７番３９２,浄水町,南平,187,392,230
伊保原レジデンスパーク緑地,浄水町南平１８７番３９５,浄水町,南平,187,395,473
伊保原レジデンスパーク緑地,大清水町南岬１番４３８,大清水町,南岬,1,438,"10,297.00"
伊保緑地,伊保町向山３５番７,伊保町,向山,35,7,362
伊保緑地,伊保町向山２９番３,伊保町,向山,29,3,29
伊保緑地,伊保町向山３０番１,伊保町,向山,30,1,164
伊保緑地,伊保町向山３０番３,伊保町,向山,30,3,220
伊保緑地,伊保町向山３５番６,伊保町,向山,35,6,118
伊保緑地,伊保町向山３５番８,伊保町,向山,35,8,5.97
入沢緑地,広川町９丁目１５７番,広川町,９丁目,157,0,"1,925.00"
岩倉町柿田緑地,岩倉町柿田７６番７,岩倉町,柿田,76,7,41
岩倉町柿田緑地,岩倉町柿田３番５,岩倉町,柿田,3,5,27
岩倉町柿田緑地,岩倉町柿田３番２２,岩倉町,柿田,3,22,0.81
岩倉町柿田緑地,岩倉町柿田３番３４,岩倉町,柿田,3,34,25
岩倉町柿田緑地,岩倉町柿田３番３５,岩倉町,柿田,3,35,36
岩倉町柿田緑地,岩倉町柿田３番３７,岩倉町,柿田,3,37,14
岩倉町柿田緑地,岩倉町柿田３番４１,岩倉町,柿田,3,41,5.29
岩倉町柿田緑地,岩倉町柿田６番４,岩倉町,柿田,6,4,66
岩倉町柿田緑地,岩倉町柿田７６番８,岩倉町,柿田,76,8,7.88
岩倉町柿田緑地,岩倉町柿田７６番２１,岩倉町,柿田,76,21,10
岩倉町柿田緑地,岩倉町柿田７７番１,岩倉町,柿田,77,1,194
岩倉町柿田緑地,岩倉町柿田７７番２,岩倉町,柿田,77,2,20
岩倉町馬場緑地,岩倉町馬場１番３２,岩倉町,馬場,1,32,"2,112.00"
岩倉町馬場緑地,岩倉町馬場１０９番２,岩倉町,馬場,109,2,119
岩倉町馬場緑地,岩倉町馬場１４０番６,岩倉町,馬場,140,6,8.58
鵜ケ瀬緑地,鵜ケ瀬町澤４番４９,鵜ケ瀬町,澤,4,49,"1,804.00"
鵜ケ瀬緑地,鵜ケ瀬町荒井５２番１８,鵜ケ瀬町,荒井,52,18,"1,299.00"
大清水ウエストガーデン緑地,大清水町大清水１８４番４７,大清水町,大清水,184,47,100
大清水ウエストガーデン緑地,逢妻町３丁目２７番４６,逢妻町,３丁目,27,46,6.59
乙部ケ丘緑地,乙部ケ丘１丁目１番６,乙部ケ丘,１丁目,1,6,"2,003.00"
上渡合石ノ堂緑地,上渡合町石ノ堂３３６番１９,上渡合町,石ノ堂,336,19,262
上渡合石ノ堂緑地,上渡合町石ノ堂３３６番２０,上渡合町,石ノ堂,336,20,735
上渡合石ノ堂緑地,折平町下屋敷５２７番７,折平町,下屋敷,527,7,3.69
上渡合乳母ケ所緑地,上渡合町乳母ケ所３５３番７１,上渡合町,乳母ケ所,353,71,251
上渡合乳母ケ所緑地,上渡合町乳母ケ所３５３番７３,上渡合町,乳母ケ所,353,73,"1,232.00"
上渡合乳母ケ所緑地,上渡合町大畑１４０番２１,上渡合町,大畑,140,21,398
上渡合萩平緑地,上渡合町萩平３０８番９１,上渡合町,萩平,308,91,278
上渡合萩平緑地,上渡合町萩平３１５番１,上渡合町,萩平,315,1,"1,159.00"
上渡合萩平緑地,上渡合町萩平３１５番５,上渡合町,萩平,315,5,903
上渡合萩平緑地,上渡合町萩平３１５番１２,上渡合町,萩平,315,12,109
上渡合萩平緑地,上渡合町萩平３１５番１７,上渡合町,萩平,315,17,470
上渡合萩平緑地,上渡合町萩平３１５番４７,上渡合町,萩平,315,47,"3,943.00"
上渡合萩平緑地,上渡合町萩平３１５番８５,上渡合町,萩平,315,85,227
上渡合萩平緑地,上渡合町萩平３１５番８８,上渡合町,萩平,315,88,166
上渡合萩平緑地,上渡合町萩平３１５番１０２,上渡合町,萩平,315,102,497
上渡合萩平緑地,上渡合町萩平３１５番１１７,上渡合町,萩平,315,117,155
上渡合萩平緑地,上渡合町萩平３１５番１１８,上渡合町,萩平,315,118,"2,077.00"
上渡合萩平緑地,上渡合町萩平３１６番１７,上渡合町,萩平,316,17,530
勘八緑地,勘八町中根４３番６,勘八町,中根,43,6,"3,336.00"
勘八緑地,勘八町中根４３番１２６,勘八町,中根,43,126,172
勘八緑地,勘八町中根４３番１２８,勘八町,中根,43,128,504
勘八緑地,勘八町中根４３番１４０,勘八町,中根,43,140,573
北一色緑地,北一色町山洞７７３番２,北一色町,山洞,773,2,900.2
北一色緑地,北一色町向イ平３２８番３,北一色町,向イ平,328,3,330.49
京ケ峰緑地,京ケ峰２丁目１番２３７,京ケ峰,２丁目,1,237,"17,211.77"
京ケ峰緑地,京ケ峰２丁目１番２４７,京ケ峰,２丁目,1,247,218.17
九久平団地緑地,九久平町堂ノ根９９番,九久平町,堂ノ根,99,0,135
九久平団地緑地,九久平町堂ノ根１２８番,九久平町,堂ノ根,128,0,946
九久平団地緑地,九久平町堂ノ根１３１番,九久平町,堂ノ根,131,0,641
九久平団地緑地,九久平町堂ノ根１４５番,九久平町,堂ノ根,145,0,"1,133.00"
越戸平戸橋緑地,平戸橋町寺前５４番,平戸橋町,寺前,54,0,446
古瀬間グリーンパーク緑地,古瀬間町坂能瀬１１４番２４,古瀬間町,坂能瀬,114,24,"6,164.00"
古瀬間グリーンパーク緑地,古瀬間町古宿１番３,古瀬間町,古宿,1,3,527
古瀬間グリーンパーク緑地,古瀬間町坂能瀬１１４番３１,古瀬間町,坂能瀬,114,31,534
古瀬間グリーンパーク緑地,古瀬間町坂能瀬１１４番１８８,古瀬間町,坂能瀬,114,188,"8,035.00"
古瀬間グリーンパーク緑地,古瀬間町坂能瀬１１４番２２０,古瀬間町,坂能瀬,114,220,"3,275.00"
古瀬間グリーンパーク緑地,古瀬間町森下３４８番６,古瀬間町,森下,348,6,"5,567.00"
古瀬間グリーンパーク緑地,古瀬間町鳥ケ峯３７１番２１０,古瀬間町,鳥ケ峯,371,210,222
古瀬間グリーンパーク緑地,古瀬間町藤塊５４３番７,古瀬間町,藤塊,543,7,"1,593.00"
古瀬間グリーンパーク緑地,志賀町箕平８１番５２,志賀町,箕平,81,52,661
篠原工業団地緑地,篠原町敷田３７番６５,篠原町,敷田,37,65,"20,284.00"
篠原工業団地緑地,篠原町山訳６５番２,篠原町,山訳,65,2,"1,919.00"
篠原工業団地緑地,篠原町山訳６５番３,篠原町,山訳,65,3,146
篠原工業団地緑地,篠原町切山２番１,篠原町,切山,2,1,"1,202.00"
篠原工業団地緑地,篠原町切山２番５,篠原町,切山,2,5,"3,597.00"
篠原工業団地緑地,篠原町切山２番６,篠原町,切山,2,6,91
篠原工業団地緑地,篠原町切山２番１６,篠原町,切山,2,16,181
篠原工業団地緑地,篠原町切山２番１８,篠原町,切山,2,18,306
篠原工業団地緑地,篠原町切山２番２０,篠原町,切山,2,20,75
篠原工業団地緑地,篠原町切山２番２１,篠原町,切山,2,21,"3,806.00"
篠原工業団地緑地,篠原町切山２番２２,篠原町,切山,2,22,"9,878.00"
篠原工業団地緑地,篠原町切山２番２３,篠原町,切山,2,23,"1,060.00"
篠原工業団地緑地,篠原町切山２０番,篠原町,切山,20,0,396
篠原工業団地緑地,篠原町敷田３７番３５,篠原町,敷田,37,35,"4,748.00"
篠原工業団地緑地,篠原町敷田３７番３６,篠原町,敷田,37,36,928
篠原工業団地緑地,篠原町敷田３７番３７,篠原町,敷田,37,37,830
篠原工業団地緑地,篠原町敷田３７番３８,篠原町,敷田,37,38,781
篠原工業団地緑地,篠原町敷田３７番３９,篠原町,敷田,37,39,983
篠原工業団地緑地,篠原町敷田３７番４０,篠原町,敷田,37,40,305
篠原工業団地緑地,篠原町敷田３７番４２,篠原町,敷田,37,42,554
篠原工業団地緑地,篠原町敷田３７番４３,篠原町,敷田,37,43,251
篠原工業団地緑地,篠原町敷田３７番４４,篠原町,敷田,37,44,49
篠原工業団地緑地,篠原町敷田３７番４５,篠原町,敷田,37,45,5.8
篠原工業団地緑地,篠原町敷田３７番４６,篠原町,敷田,37,46,25
篠原工業団地緑地,篠原町敷田３７番４７,篠原町,敷田,37,47,196
篠原工業団地緑地,篠原町敷田３７番４８,篠原町,敷田,37,48,164
篠原工業団地緑地,篠原町敷田３７番５０,篠原町,敷田,37,50,269
篠原工業団地緑地,篠原町敷田３７番５２,篠原町,敷田,37,52,129
篠原工業団地緑地,篠原町敷田３７番５４,篠原町,敷田,37,54,250
篠原工業団地緑地,篠原町敷田３７番５５,篠原町,敷田,37,55,979
篠原工業団地緑地,篠原町敷田３７番５６,篠原町,敷田,37,56,254
篠原工業団地緑地,篠原町敷田３７番５７,篠原町,敷田,37,57,520
篠原工業団地緑地,篠原町敷田３７番５８,篠原町,敷田,37,58,82
篠原工業団地緑地,篠原町敷田３７番５９,篠原町,敷田,37,59,537
篠原工業団地緑地,篠原町敷田３７番６０,篠原町,敷田,37,60,554
篠原工業団地緑地,篠原町敷田３７番６１,篠原町,敷田,37,61,"1,864.00"
篠原工業団地緑地,篠原町敷田３７番６２,篠原町,敷田,37,62,899
篠原工業団地緑地,篠原町敷田３７番６３,篠原町,敷田,37,63,57
篠原工業団地緑地,篠原町敷田３７番６４,篠原町,敷田,37,64,"4,933.00"
篠原工業団地緑地,篠原町敷田３７番６６,篠原町,敷田,37,66,24
幸穂台団地緑地,幸穂台１丁目１４番１,幸穂台,１丁目,14,1,"11,360.00"
幸穂台団地緑地,幸海町下御堂上切２９番,幸海町,下御堂上切,29,0,"1,388.00"
幸穂台団地緑地,幸穂台１丁目１４番３,幸穂台,１丁目,14,3,"6,133.00"
幸穂台団地緑地,幸穂台１丁目１４番６,幸穂台,１丁目,14,6,"4,208.00"
幸穂台団地緑地,幸穂台１丁目１７番,幸穂台,１丁目,17,0,"2,222.00"
幸穂台団地緑地,幸穂台２丁目８番３,幸穂台,２丁目,8,3,"3,682.00"
幸穂台団地緑地,幸穂台２丁目８番７,幸穂台,２丁目,8,7,644
幸穂台団地緑地,幸穂台２丁目８番１０,幸穂台,２丁目,8,10,"2,174.00"
幸穂台団地緑地,幸穂台３丁目１６番４,幸穂台,３丁目,16,4,"1,926.00"
幸穂台団地緑地,幸穂台３丁目１８番１,幸穂台,３丁目,18,1,"8,162.00"
幸穂台団地緑地,幸穂台３丁目１８番３,幸穂台,３丁目,18,3,"8,135.00"
幸穂台団地緑地,幸穂台４丁目１１番１,幸穂台,４丁目,11,1,"6,027.00"
幸穂台団地緑地,幸穂台４丁目１１番５,幸穂台,４丁目,11,5,"14,637.00"
さなげ台団地緑地,亀首町八ツ口洞１３番３９,亀首町,八ツ口洞,13,39,"3,067.00"
さなげ台団地緑地,亀首町八ツ口洞１３番４１,亀首町,八ツ口洞,13,41,"3,750.00"
さなげ台団地緑地,亀首町八ツ口洞１３番４３,亀首町,八ツ口洞,13,43,"3,099.00"
さなげ台団地緑地,亀首町八ツ口洞６５４番,亀首町,八ツ口洞,654,0,"1,024.00"
さなげ台団地緑地,亀首町八ツ口洞６５９番,亀首町,八ツ口洞,659,0,757
さなげ台団地緑地,亀首町八ツ口洞６６１番,亀首町,八ツ口洞,661,0,"3,437.00"
さなげ台団地緑地,亀首町八ツ口洞６６５番,亀首町,八ツ口洞,665,0,"3,623.00"
さなげ台団地緑地,亀首町八ツ口洞６６８番,亀首町,八ツ口洞,668,0,400
さなげ台団地緑地,亀首町八ツ口洞６７２番,亀首町,八ツ口洞,672,0,139
さなげ台団地緑地,亀首町八ツ口洞６７３番,亀首町,八ツ口洞,673,0,677
さなげ台団地緑地,亀首町八ツ口洞６７６番,亀首町,八ツ口洞,676,0,"3,180.00"
さなげ台団地緑地,亀首町八ツ口洞６７７番,亀首町,八ツ口洞,677,0,150
さなげ台団地緑地,亀首町八ツ口洞６８２番,亀首町,八ツ口洞,682,0,708
さなげ台団地緑地,亀首町八ツ口洞６８６番１,亀首町,八ツ口洞,686,1,451
さなげ台団地緑地,亀首町八ツ口洞６８６番２,亀首町,八ツ口洞,686,2,38
さなげ台団地緑地,亀首町八ツ口洞６８６番３,亀首町,八ツ口洞,686,3,"1,094.00"
つくしケ丘団地緑地,西細田町東神田１１８番２０,西細田町,東神田,118,20,681
つくしケ丘団地緑地,西細田町東神田１１８番２１,西細田町,東神田,118,21,891
つくしケ丘団地緑地,西細田町東神田１１８番２６,西細田町,東神田,118,26,274
つくしケ丘団地緑地,西細田町東神田１１８番２８,西細田町,東神田,118,28,794
つくしケ丘団地緑地,西細田町東神田１３４番１,西細田町,東神田,134,1,465
つくしケ丘団地緑地,西細田町東神田１３５番１,西細田町,東神田,135,1,538
寺部１号緑地,千石町２丁目５２８番２,千石町,２丁目,528,2,106
寺部１号緑地,千石町２丁目５２８番３,千石町,２丁目,528,3,6.57
寺部１号緑地,千石町２丁目５２８番４,千石町,２丁目,528,4,84
寺部１号緑地,千石町２丁目５２８番５,千石町,２丁目,528,5,40
寺部１号緑地,千石町２丁目５２８番６,千石町,２丁目,528,6,39
寺部２号緑地,上野町１丁目５６５番,上野町,１丁目,565,,2956
寺部５丁目緑地,寺部町５丁目８７番２,寺部町,５丁目,87,2,348
寺部５丁目緑地,寺部町５丁目１番１４,寺部町,５丁目,1,14,184
寺部５丁目緑地,寺部町５丁目１番４９,寺部町,５丁目,1,49,38
寺部５丁目緑地,河川保全区域内,,,,,
中根町さつき苑緑地,中根町小根崎４番２,中根町,小根崎,4,2,252
中根町さつき苑緑地,中根町小根崎４番６,中根町,小根崎,4,6,112
中根町さつき苑緑地,中根町小根崎４番８,中根町,小根崎,4,8,8.72
中根町さつき苑緑地,中根町町田９７番１２,中根町,町田,97,12,325
中根町さつき苑緑地,中根町町田１１３番２,中根町,町田,113,2,293
西岡町緑地,西岡町保ケ山６番６,西岡町,保ケ山,6,6,100
西中山後田緑地,西中山町後田９７番６５,西中山町,後田,97,65,24
西中山後田緑地,西中山町後田９９番１３,西中山町,後田,99,13,35
西中山後田緑地,西中山町猿田１４番９４,西中山町,猿田,14,94,16
西中山中清田緑地,西中山町中清田55番24,西中山町,中清田,55,24,471
西中山中清田緑地,西中山町中清田55番47,西中山町,中清田,55,47,757
西中山猿田緑地,西中山町猿田６１番４０,西中山町,猿田,61,40,664
西中山猿田緑地,西中山町猿田７０番１９３,西中山町,猿田,70,193,"1,390.00"
西中山猿田緑地,西中山町猿田７０番１９４,西中山町,猿田,70,194,107
西中山猿田緑地,西中山町猿田７０番１９５,西中山町,猿田,70,195,210
西中山猿田緑地,西中山町猿田７０番１９７,西中山町,猿田,70,197,75
西中山猿田緑地,西中山町猿田７０番１９８,西中山町,猿田,70,198,853
西中山猿田緑地,西中山町猿田７０番２０５,西中山町,猿田,70,205,2.99
西中山猿田緑地,西中山町猿田７０番２０７,西中山町,猿田,70,207,"2,868.00"
西中山猿田緑地,西中山町猿田７０番２０９,西中山町,猿田,70,209,202
西中山茨廻緑地,西中山町茨廻３６番１,西中山町,茨廻,36,1,365
西中山茨廻緑地,西中山町茨廻３６番７,西中山町,茨廻,36,7,43
西中山茨廻緑地,西中山町茨廻３６番８,西中山町,茨廻,36,8,64
西中山茨廻緑地,西中山町茨廻３６番１０,西中山町,茨廻,36,10,871
西中山茨廻緑地,西中山町茨廻３７番４,西中山町,茨廻,37,4,63
西中山茨廻緑地,西中山町茨廻３７番６,西中山町,茨廻,37,6,177
西中山茨廻緑地,西中山町茨廻６０番３,西中山町,茨廻,60,3,60
西中山茨廻緑地,西中山町茨廻８２番７,西中山町,茨廻,82,7,0.1
西中山茨廻緑地,西中山町茨廻８２番８,西中山町,茨廻,82,8,8.21
西中山東宮前緑地,西中山町東宮前３４番９,西中山町,東宮前,34,9,"3,285.00"
西中山東宮前緑地,西中山町東宮前３４番１３,西中山町,東宮前,34,13,33
西中山東宮前緑地,西中山町東宮前４３番１９,西中山町,東宮前,43,19,"1,694.00"
西中山東宮前緑地,西中山町東宮前５６番８,西中山町,東宮前,56,8,2.51
西中山東宮前緑地,西中山町道貝４３番８,西中山町,道貝,43,8,501
西中山東宮前緑地,西中山町道貝４４番２１,西中山町,道貝,44,21,"1,672.00"
西中山東宮前緑地,西中山町道貝４４番２７,西中山町,道貝,44,27,0.78
西中山東宮前緑地,西中山町道貝５２番２８,西中山町,道貝,51,28,534
西中山東宮前緑地,西中山町道貝６１番７,西中山町,道貝,61,7,94
西中山東宮前緑地,西中山町道貝１２０番２,西中山町,道貝,120,2,13
西中山東宮前緑地,西中山町道貝１２０番８,西中山町,道貝,120,8,57
西中山東宮前緑地,西中山町崩ヶ崎６１番３,西中山町,崩ヶ崎,61,3,172
西中山東宮前緑地,西中山町太田５３番１４,西中山町,太田,53,14,169
西中山三ツ田緑地,西中山町三ツ田３２番４３,西中山町,三ツ田,32,43,457
西中山三ツ田緑地,西中山町又吉洞３番７３,西中山町,又吉洞,3,73,679
西広瀬工業団地緑地,西広瀬町小麦生６３５番１３,西広瀬町,小麦生,635,13,"10,929.00"
西広瀬工業団地緑地,西広瀬町桐ケ洞５４３番１,西広瀬町,桐ケ洞,543,1,"1,328.00"
西広瀬工業団地緑地,西広瀬町桐ケ洞５４３番６,西広瀬町,桐ケ洞,543,6,345
西広瀬工業団地緑地,西広瀬町桐ケ洞５４３番１１,西広瀬町,桐ケ洞,543,11,"19,446.00"
西広瀬工業団地緑地,西広瀬町小麦生６３５番３,西広瀬町,小麦生,635,3,898
西広瀬工業団地緑地,西広瀬町小麦生６３５番７,西広瀬町,小麦生,635,7,"1,301.00"
西広瀬工業団地緑地,西広瀬町小麦生６３５番１１,西広瀬町,小麦生,635,11,"4,693.00"
西広瀬工業団地緑地,西広瀬町小麦生６３５番３２,西広瀬町,小麦生,635,32,"26,450.00"
西広瀬工業団地緑地,西広瀬町小麦生６３５番３４,西広瀬町,小麦生,635,34,"9,982.00"
西広瀬工業団地緑地,西広瀬町小麦生６３５番３８,西広瀬町,小麦生,635,38,"5,626.00"
西広瀬工業団地緑地,西広瀬町小麦生６３５番４１,西広瀬町,小麦生,635,41,"4,294.00"
西広瀬工業団地緑地,西広瀬町小麦生６３５番４３,西広瀬町,小麦生,635,43,404
西広瀬工業団地緑地,西広瀬町小麦生６３５番４５,西広瀬町,小麦生,635,45,"1,657.00"
西広瀬工業団地緑地,西広瀬町小麦生６３５番４７,西広瀬町,小麦生,635,47,"5,520.00"
西広瀬工業団地緑地,西広瀬町小麦生７３５番２,西広瀬町,小麦生,735,2,"13,898.00"
西広瀬工業団地緑地,西広瀬町小麦生６３５番５９,西広瀬町,小麦生,635,59,"6,646.00"
西広瀬工業団地緑地,西広瀬町川原田５１９番７,西広瀬町,川原田,519,7,"21,590.00"
西広瀬工業団地緑地,西広瀬町川原田５１９番８,西広瀬町,川原田,519,8,"20,195.00"
西広瀬工業団地緑地,西広瀬町膳棚５３５番８,西広瀬町,膳棚,535,8,"6,034.00"
西広瀬工業団地緑地,西広瀬町膳棚５３５番９,西広瀬町,膳棚,535,9,"7,230.00"
西広瀬工業団地緑地,西広瀬町膳棚５３５番１０,西広瀬町,膳棚,535,10,"3,275.00"
西広瀬工業団地緑地,西広瀬町膳棚５３５番１１,西広瀬町,膳棚,535,11,"2,810.00"
西広瀬工業団地緑地,西広瀬町桐ケ洞５４１番２,西広瀬町,桐ケ洞,541,2,"9,065.00"
野見山緑地,野見山町３丁目２７番１９５,野見山町,３丁目,27,195,543
花園町花園台緑地,花園町花園台１番７,花園町,花園台,1,7,182
花本工業団地緑地,花本町井前１番２６,花本町,井前,1,26,"2,389.00"
東広瀬団地緑地,東広瀬町大根坂１番４８,東広瀬町,大根坂,1,48,"1,291.00"
東広瀬団地緑地,東広瀬町大根坂１番４７,東広瀬町,大根坂,1,47,190
東広瀬団地緑地,東広瀬町大根１１番５９,東広瀬町,大根,11,59,3.35
東保見根川緑地,東保見町根川５３番５６,東保見町,根川,53,56,463
東保見根川緑地,東保見町根川６５番１３,東保見町,根川,65,13,735
東保見山洞緑地,東保見町山洞３５７番４,東保見町,山洞,357,4,"2,402.00"
東保見山洞緑地,東保見町山洞９０８番３７,東保見町,山洞,908,37,0.71
東山団地緑地,東山町４丁目１１１７番１６９,東山町,４丁目,1117,169,"4,065.00"
東山団地緑地,東山町４丁目１１１７番１７３,東山町,４丁目,1117,173,"1,713.00"
東山団地緑地,東山町４丁目１１１７番１７７,東山町,４丁目,1117,177,"2,159.00"
東山ヒルズ緑地,東山町６丁目１０８７番８,東山町,６丁目,1087,8,142
東山ヒルズ緑地,東山町６丁目１５０５番１９,東山町,６丁目,1505,19,25
東山ヒルズ緑地,渋谷町３丁目９７８番７６,渋谷町,３丁目,978,76,121
東山ヒルズ緑地,東山町６丁目１５３１番,東山町,６丁目,1531,0,169
東山ヒルズ緑地,東山町６丁目１５１０番１５,東山町,６丁目,1510,15,2.02
東山ヒルズ緑地,東山町６丁目１５２９番,東山町,６丁目,1529,0,6.66
東渡合ヤゲ緑地,東渡合町東田面１番１１,東渡合町,東田面,1,11,86
東渡合ヤゲ緑地,東渡合町根畑２１番２,東渡合町,根畑,21,2,"1,523.00"
東渡合ヤゲ緑地,東渡合町ヤゲ２番８,東渡合町,ヤゲ,2,8,"1,048.00"
日之出緑地,日之出町１丁目１７番１,日之出町,１丁目,17,1,724
日之出緑地,喜多町６丁目４番２,喜多町,６丁目,4,2,222
日之出緑地,日之出町２丁目１８番１,日之出町,２丁目,18,1,717
日之出緑地,日之出町２丁目１８番２,日之出町,２丁目,18,2,459
平戸橋上井畑緑地,平戸橋町上井畑３０１番,平戸橋町,上井畑,301,0,110.06
平戸橋上井畑緑地,平戸橋町上井畑２９９番,平戸橋町,上井畑,299,0,420.83
平戸橋波岩緑地,平戸橋町波岩８６番３２９,平戸橋町,波岩,86,329,"7,531.00"
平戸橋波岩緑地,平戸橋町波岩８６番３２８,平戸橋町,波岩,86,328,"4,330.00"
平戸橋波岩緑地,平戸橋町波岩８６番３３０,平戸橋町,波岩,86,330,"4,851.00"
平戸橋波岩緑地,平戸橋町波岩８６番３３１,平戸橋町,波岩,86,331,"3,662.00"
平戸橋波岩緑地,平戸橋町波岩８６番３３２,平戸橋町,波岩,86,332,"1,591.00"
ファーツリー緑地,折平町上赤土５４５番３,折平町,上赤土,545,3,"7,841.00"
ファーツリー緑地,折平町上赤土５４５番４,折平町,上赤土,545,4,73
ファーツリー緑地,折平町上赤土５４５番7,折平町,上赤土,545,7,618
ファーツリー緑地,折平町上赤土５４５番１０,折平町,上赤土,545,10,87
ファーツリー緑地,折平町久治屋敷５４８番２９,折平町,久治屋敷,548,29,62
ファーツリー緑地,折平町久治屋敷５４８番５１,折平町,久治屋敷,548,51,"1,683.00"
ファーツリー緑地,折平町久治屋敷５４８番５２,折平町,久治屋敷,548,52,613
ファーツリー緑地,折平町西屋敷５５３番１,折平町,西屋敷,553,1,120
ファーツリー緑地,折平町西屋敷５５３番１２,折平町,西屋敷,553,12,61
ファーツリー緑地,折平町西屋敷５５３番１３,折平町,西屋敷,553,13,57
ファーツリー緑地,折平町西屋敷５５３番２０,折平町,西屋敷,553,20,37
ファーツリー緑地,折平町西屋敷５５３番３６,折平町,西屋敷,553,36,68
ファーツリー緑地,折平町西屋敷５５５番３４,折平町,西屋敷,555,34,20
ファーツリー緑地,折平町西屋敷５５５番３５,折平町,西屋敷,555,35,0.4
ファーツリー緑地,折平町西屋敷５５５番３７,折平町,西屋敷,555,37,0.35
ファーツリー緑地,折平町西屋敷５５５番４９,折平町,西屋敷,555,49,19
ファーツリー緑地,折平町西屋敷５５５番５５,折平町,西屋敷,555,55,216
ファーツリー緑地,折平町西屋敷５５５番５６,折平町,西屋敷,555,56,195
ファーツリー緑地,折平町西屋敷５５５番５９,折平町,西屋敷,555,59,19
ファーツリー緑地,折平町西屋敷５５５番６７,折平町,西屋敷,555,67,0.5
ファーツリー緑地,折平町西屋敷５５７番１９,折平町,西屋敷,557,19,"1,100.00"
ファーツリー緑地,折平町西屋敷５５７番２７,折平町,西屋敷,557,27,159
ファーツリー緑地,折平町西屋敷５６２番７,折平町,西屋敷,562,7,784
ファーツリー緑地,北一色町梅ノ木９６０番６,北一色町,梅ノ木,960,6,750
ファーツリー緑地,北一色町梅ノ木９６０番５１,北一色町,梅ノ木,960,51,606
ファーツリー緑地,北一色町梅ノ木９６０番５５,北一色町,梅ノ木,960,55,45
ファーツリー緑地,北一色町梅ノ木９６０番７２,北一色町,梅ノ木,960,72,108
深見木戸緑地,深見町木戸３６９番１１３,深見町,木戸,369,113,"2,595.00"
深見木戸緑地,深見町木戸３６９番２４,深見町,木戸,369,24,832
深見木戸緑地,深見町木戸３６９番２５,深見町,木戸,369,25,495
深見木戸緑地,深見町木戸３６９番１８４,深見町,木戸,369,184,64
深見木戸緑地,深見町木戸３６９番１８７,深見町,木戸,369,187,106
深見木戸緑地,深見町木戸３６９番１９２,深見町,木戸,369,192,45
深見小畑緑地,深見町小畑９６４番６８,深見町,小畑,964,68,936
深見常楽緑地,深見町常楽９９７番２０７,深見町,常楽,997,207,212
深見常楽緑地,深見町常楽９９７番４,深見町,常楽,997,4,"18,068.00"
深見常楽緑地,深見町常楽９９７番２０８,深見町,常楽,997,208,"1,444.00"
深見常楽緑地,深見町常楽９９７番２１７,深見町,常楽,997,217,186
深見常楽緑地,深見町常楽９９７番２１８,深見町,常楽,997,218,"1,836.00"
深見常楽緑地,深見町常楽９９７番２１９,深見町,常楽,997,219,"1,102.00"
深見法花坊緑地,深見町法花坊９７０番５５,深見町,法花坊,970,0,627
保見団地緑地,保見ケ丘２丁目５２番,保見ケ丘,２丁目,52,0,"13,513.00"
保見団地緑地,東保見町山洞３７８番１３,東保見町,山洞,378,13,"5,929.00"
保見団地緑地,東保見町山洞３８３番３,東保見町,山洞,383,3,954
保見団地緑地,保見ケ丘１丁目１５１番,保見ケ丘,１丁目,151,0,104
保見団地緑地,保見ケ丘２丁目４７番,保見ケ丘,２丁目,47,0,308.67
保見団地緑地,保見ケ丘３丁目２３番,保見ケ丘,３丁目,23,0,436
保見団地緑地,保見町北山６番１０,保見町,北山,6,10,"2,264.00"
松平志賀緑地,松平志賀町トイタ８番２,松平志賀町,トイタ,,,245
松平志賀緑地,松平志賀町トイタ９番１,松平志賀町,トイタ,,,214
松平団地緑地,松平志賀町マゴイチ６番１５,松平志賀町,マゴイチ,6,15,173
松平団地緑地,巴町神田１１番,巴町,神田,11,0,"2,654.00"
松平団地緑地,巴町神田２２番,巴町,神田,22,0,57
松平団地緑地,巴町神田２３番,巴町,神田,23,0,9.1
松平団地緑地,巴町神田２５番,巴町,神田,25,0,"2,652.00"
松平団地緑地,巴町神田２７番,巴町,神田,27,0,148
松平団地緑地,巴町神田２９番,巴町,神田,29,0,159
御作西川緑地,御作町西川９６５番１７,御作町,西川,965,17,71
御作西川緑地,御作町西川９６５番２５,御作町,西川,965,25,8.38
御作西川緑地,御作町西川９６６番９３,御作町,西川,966,93,"11,240.00"
御作西川緑地,御作町西川９６６番１５３,御作町,西川,966,153,"10,747.00"
御作西川緑地,御作町西川９６６番１７２,御作町,西川,966,172,54
御作西川緑地,御作町西川９６６番１７８,御作町,西川,966,178,"3,423.00"
美和緑地,美和町３丁目１３９番,美和町,３丁目,139,0,"3,404.00"
横山町緑地,横山町４丁目３８番２２,横山町,４丁目,38,22,342
