都道府県コード又は市区町村コード,NO,都道府県名,市区町村名,名称,名称_カナ,名称_英語,住所,方書,設置位置,緯度,経度,男性トイレ総数,男性トイレ数（小便器）,男性トイレ数（和式）,男性トイレ数（洋式）,女性トイレ総数,女性トイレ数（和式）,女性トイレ数（洋式）,男女共用トイレ総数,男女共用トイレ数（和式）,男女共用トイレ数（洋式）,多機能トイレ数,車椅子使用者用トイレ有無,乳幼児用設備設置トイレ有無,オストメイト設置トイレ有無,利用開始時間,利用終了時間,利用可能時間特記事項,画像,画像_ライセンス,備考
232114,1,愛知県,豊田市,梅坪公園,ｳﾒﾂﾎﾞｺｳｴﾝ,Umetsubo park,豊田市東梅坪町10丁目7番地7,,,35.0996,137.16445,2,2,0,0,0,0,0,0,0,0,1,有,無,無,,,,,,
232114,2,愛知県,豊田市,陣中公園,ｼﾞﾝﾅｶｺｳｴﾝ,Jinnaka park,豊田市陣中町2丁目10番地１,,,35.09486,137.16528,2,2,0,0,0,0,0,1,1,0,1,有,無,無,,,,,,
232114,3,愛知県,豊田市,高橋西公園,ﾀｶﾊｼﾆｼｺｳｴﾝ,Takahashi park,豊田市高上1丁目11番地１,,,35..9234,137.18152,2,2,0,0,0,0,0,1,1,0,1,有,無,無,,,,,,
232114,4,愛知県,豊田市,高橋東公園,ﾀｶﾊｼﾋｶﾞｼｺｳｴﾝ,Takahashihigashi park,豊田市高上2丁目15番地1,,,35.09154,137.1854,2,2,0,0,0,0,0,1,1,0,1,有,無,無,,,,,,
232114,5,愛知県,豊田市,ぐみのき公園,ｸﾞﾐﾉｷｺｳｴﾝ,Guminoki park,豊田市上郷町2丁目9番地１,,,35.02118,137.13164,2,2,0,0,0,0,0,0,0,0,1,有,無,無,,,,,,
232114,6,愛知県,豊田市,上野公園,ｳｴﾉｺｳｴﾝ,Ueno park,豊田市上郷町4丁目4番地1,,,35.01017,137.13253,2,2,0,0,0,0,0,0,0,0,1,有,無,無,,,,,,
232114,7,愛知県,豊田市,小畔公園,ｺｸﾃｺｳｴﾝ,Kokute park,豊田市上郷町4丁目8番地１,,,35.00772,137.13266,2,2,0,0,0,0,0,0,0,0,1,有,無,無,,,,,,
232114,8,愛知県,豊田市,神田公園,ｶﾝﾀﾞｺｳｴﾝ,Kanda park,豊田市神田町1丁目10番地,,,35.08147,137.1557,2,2,0,0,0,0,0,1,1,0,1,有,無,無,,,,,,
232114,9,愛知県,豊田市,寿公園,ｺﾄﾌﾞｷｺｳｴﾝ,Kotobuki park,豊田市小坂本町1丁目1番地,,,35.08883,137.15122,1,1,0,0,0,0,0,1,1,0,0,無,無,無,,,,,,
232114,10,愛知県,豊田市,栄町公園,ｻｶｴﾏﾁｺｳｴﾝ,Sakaemachi park,豊田市栄町5丁目16番地,,,35.09409,137.15272,2,2,0,0,0,0,0,0,0,0,1,有,無,無,,,,,,
232114,11,愛知県,豊田市,平芝前公園,ﾋﾗｼﾊﾞﾏｴｺｳｴﾝ,Hirashibamae park,豊田市平芝町2丁目4番地,,,35.09406,137.15689,2,2,0,0,0,0,0,0,0,0,1,有,無,無,,,,,,
232114,12,愛知県,豊田市,岩畑公園,ｲﾜﾊﾀｺｳｴﾝ,Iwahata park,豊田市平芝町3丁目6番地,,,35.0959,137.15838,2,1,1,0,2,2,0,0,0,0,1,有,無,無,,,,,,
232114,13,愛知県,豊田市,宝来北公園,ﾎｳﾗｲｷﾀｺｳｴﾝ,Houraikita park,豊田市美里3丁目19番地,,,35.08228,137.18863,2,2,0,0,0,0,0,0,0,0,1,有,無,無,,,,,,
232114,14,愛知県,豊田市,唐池公園,ｶﾗｲｹｺｳｴﾝ,Karaike park,豊田市美里2丁目21番地,,,35.08098,137.18652,2,2,0,0,0,0,0,0,0,0,1,有,無,無,,,,,,
232114,15,愛知県,豊田市,南山公園,ﾐﾅﾐﾔﾏｺｳｴﾝ,Minamiyama park,豊田市美里1丁目15番地,,,35.08071,137.18326,2,2,0,0,0,0,0,0,0,0,1,有,有,無,,,,,,
232114,16,愛知県,豊田市,白草公園,ｼﾗｸｻｺｳｴﾝ,Shirakusa park,豊田市美里6丁目5番地,,,35.07928,137.17909,2,2,0,0,0,0,0,1,1,0,1,有,無,無,,,,,,
232114,17,愛知県,豊田市,薮間公園,ﾔﾌﾞﾏｺｳｴﾝ,Yabuma park,豊田市上郷町薮間3番地1,,,35.01162,137.13706,2,2,0,0,0,0,0,1,1,0,1,有,無,無,,,,,,
232114,18,愛知県,豊田市,石平公園,ｲｼﾋﾗｺｳｴﾝ,Ishihira park,豊田市平戸橋町平戸4番地,,,35.11485,137.18395,2,2,0,0,0,0,0,1,1,0,1,有,無,無,,,,,,
232114,19,愛知県,豊田市,厳島公園,ｲﾂｸｼﾏｺｳｴﾝ,Itsukushima park,豊田市住吉町2丁目9番地1,,,35.03575,137.11664,2,2,0,0,0,0,0,0,0,0,1,有,無,無,,,,,,
232114,20,愛知県,豊田市,住吉公園,ｽﾐﾖｼｺｳｴﾝ,Sumiyoshi park,豊田市住吉町1丁目7番地1,,,35.03712,137.1207,2,2,0,0,0,0,0,0,0,0,1,有,無,無,,,,,,
232114,21,愛知県,豊田市,山之手３丁目公園,ﾔﾏﾉﾃ3ﾁｮｳﾒｺｳｴﾝ,Yamanote3chome park,豊田市山之手3丁目130番地3,,,35.0575,137.15053,2,1,1,0,1,1,0,0,0,0,1,有,無,無,,,,,,
232114,22,愛知県,豊田市,山之手４丁目公園,ﾔﾏﾉﾃ4ﾁｮｳﾒｺｳｴﾝ,Yamanote4chome park,豊田市山之手4丁目1番地,,,35.05675,137.14849,2,2,0,0,0,0,0,0,0,0,1,有,無,無,,,,,,
232114,23,愛知県,豊田市,大徳公園,ﾀﾞｲﾄｸｺｳｴﾝ,Daitoku park,豊田市山之手8丁目155番地,,,35.0545,137.14799,2,2,0,0,0,0,0,0,0,0,1,有,無,無,,,,,,
232114,24,愛知県,豊田市,宗心洞公園,ｿｳｼﾝﾄﾞｳｺｳｴﾝ,Soshindou park,豊田市御幸本町７丁目196番地,,,35.05176,137.15098,2,2,0,0,0,0,0,0,0,0,1,有,無,無,,,,,,
232114,25,愛知県,豊田市,いわやま公園,ｲﾜﾔﾏｺｳｴﾝ,Iwayama park,豊田市五ケ丘2丁目4番地,,,35.06674,137.191,2,2,0,0,0,0,0,1,1,0,0,無,無,無,,,,,,
232114,26,愛知県,豊田市,さんぼんまつ公園,ｻﾝﾎﾞﾝﾏﾂｺｳｴﾝ,Sanbobmatsu park,豊田市五ケ丘1丁目11番地,,,35.06497,137.18881,2,2,0,0,0,0,0,1,1,0,0,無,無,無,,,,,,
232114,27,愛知県,豊田市,けやきだい公園,ｹﾔｷﾀﾞｲｺｳｴﾝ,Keyakidai park,豊田市五ケ丘1丁目31番地,,,35.05969,137.18903,2,2,0,0,0,0,0,1,1,0,0,無,無,無,,,,,,
232114,28,愛知県,豊田市,ふたつやま公園,ﾌﾀﾂﾔﾏｺｳｴﾝ,Futatsuyama park,豊田市五ケ丘3丁目8番地,,,35.06449,137.19378,2,2,0,0,0,0,0,1,1,0,0,無,無,無,,,,,,
232114,29,愛知県,豊田市,あめいけ公園,ｱﾒｲｹｺｳｴﾝ,Ameike park,豊田市五ケ丘7丁目13番地,,,35.06349,137.19946,2,2,0,0,0,0,0,1,1,0,0,無,無,無,,,,,,
232114,30,愛知県,豊田市,しいのき公園,ｼｲﾉｷｺｳｴﾝ,Shinoki park,豊田市五ケ丘8丁目20番地,,,35.06277,137.20354,2,2,0,0,0,0,0,1,1,0,0,無,無,無,,,,,,
232114,31,愛知県,豊田市,東山団地公園,ﾋｶﾞｼﾔﾏﾀﾞﾝﾁｺｳｴﾝ,Higashiyamadanchi park,豊田市東山町4丁目1117番地44,,,35.05382,137.19421,2,2,0,0,0,0,0,1,1,0,1,有,無,無,,,,,,
232114,32,愛知県,豊田市,古瀬間団地公園,ｺｾﾏﾀﾞﾝﾁｺｳｴﾝ,Kosemadanchi park,豊田市古瀬間町鳥ヶ峯371番地33,,,35.07796,137.2031,2,2,0,0,0,0,0,2,2,0,0,無,無,無,,,,,,
232114,33,愛知県,豊田市,志賀ニュータウン２号公園,ｼｶﾞﾆｭｰﾀｳﾝ2ｺﾞｳｺｳｴﾝ,Shiganewtown2go park,豊田市志賀町香九礼1番地285,,,35.07596,137.1934,1,0,1,0,1,1,0,0,0,0,0,無,無,無,,,,,,
232114,34,愛知県,豊田市,泉公園,ｲｽﾞﾐｺｳｴﾝ,Izumi park,豊田市泉町2丁目3番地8,,,35.07203,137.19023,2,2,0,0,0,0,0,1,1,0,1,有,無,無,,,,,,
232114,35,愛知県,豊田市,泉瀬戸公園,ｲｽﾞﾐｾﾄｺｳｴﾝ,Izumiseto park,豊田市泉町3丁目6番地3,,,35.07063,137.19137,3,2,1,0,1,1,0,0,0,0,1,有,無,無,,,,,,
232114,36,愛知県,豊田市,野見山北公園,ﾉﾐﾔﾏｷﾀｺｳｴﾝ,Nomiyamakita park,豊田市野見山町3丁目27番地28,,,35.07077,137.18612,0,0,0,0,0,0,0,1,1,0,1,有,無,無,,,,,,
232114,37,愛知県,豊田市,野見山南公園,ﾉﾐﾔﾏﾐﾅﾐｺｳｴﾝ,Nomiyamaminami park,豊田市野見山町3丁目27番地130,,,35.06874,137.18516,2,2,0,0,0,0,0,0,0,0,1,有,無,無,,,,,,
232114,38,愛知県,豊田市,保見団地１号公園,ﾎﾐﾀﾞﾝﾁ1ｺﾞｳｺｳｴﾝ,Homidanchi1go park,豊田市保見ケ丘3丁目193番地,,,35.15087,137.13743,1,1,0,0,0,0,0,1,0,1,0,無,無,無,,,,,,
232114,39,愛知県,豊田市,保見団地２号公園,ﾎﾐﾀﾞﾝﾁ2ｺﾞｳｺｳｴﾝ,Homidanchi2go park,豊田市保見ケ丘2丁目51番地,,,35.1511,137.13395,2,1,1,0,2,2,0,0,0,0,1,有,無,無,,,,,,
232114,40,愛知県,豊田市,保見団地３号公園,ﾎﾐﾀﾞﾝﾁ3ｺﾞｳｺｳｴﾝ,Homidanchi3go park,豊田市保見ケ丘1丁目86番地,,,35.14421,137.13406,1,1,0,0,0,0,0,1,1,0,0,無,無,無,,,,,,
232114,41,愛知県,豊田市,こまどり公園,ｺﾏﾄﾞﾘｺｳｴﾝ,Komadori park,豊田市陣中町1丁目22番地7,,,35.09363,137.16013,2,1,1,0,1,1,0,0,0,0,1,有,無,無,,,,,,
232114,42,愛知県,豊田市,妙玄公園,ﾐｮｳｹﾞﾝｺｳｴﾝ,Myogen park,豊田市平芝町3丁目1番地,,,35.09661,137.15466,3,2,1,0,1,1,0,0,0,0,1,有,無,無,,,,,,
232114,43,愛知県,豊田市,月見公園,ﾂｷﾐｺｳｴﾝ,Tsukimi park,豊田市月見町1丁目3番地,,,35.09129,137.15316,1,1,0,0,1,1,0,0,0,0,0,無,無,無,,,,,,
232114,44,愛知県,豊田市,仲田公園,ﾅｶﾀﾞｺｳｴﾝ,Nakada park,豊田市小坂本町4丁目3番地,,,35.08464,137.15264,2,2,0,0,0,0,0,1,1,0,1,有,無,無,,,,,,
232114,45,愛知県,豊田市,高美中央公園,ﾀｶﾐﾁﾕｳｵｳｺｳｴﾝ,Takamichuo park,豊田市高美町3丁目35番地,,,35.03634,137.10228,2,2,0,0,0,0,0,1,1,0,1,有,無,無,,,,,,
232114,46,愛知県,豊田市,亀首公園,ｶﾒｸﾋﾞｺｳｴﾝ,Kamekubi park,豊田市亀首町八ツ口洞648番地,,,35.14476,137.17684,2,2,0,0,0,0,0,1,1,0,1,有,無,無,,,,,,
232114,47,愛知県,豊田市,桑原公園,ｸﾜﾊﾞﾗｺｳｴﾝ,Kuwabara park,"豊田市市木町5丁目11番地1",,,35.09657,137.20073,2,2,0,0,0,0,0,0,0,0,1,有,無,無,,,,,,
232114,48,愛知県,豊田市,入山公園,ｲﾘﾔﾏｺｳｴﾝ,Iriyama park,"豊田市市木町3丁目17番地",,,35.09664,137.19743,2,2,0,0,0,0,0,1,1,0,1,有,無,無,,,,,,
232114,49,愛知県,豊田市,かけした公園,ｶｹｼﾀｺｳｴﾝ,Kakeshita park,"豊田市市木町2丁目2番地3",,,35.09696,137.19284,2,2,0,0,0,0,0,1,1,0,1,有,無,無,,,,,,
232114,50,愛知県,豊田市,谷下公園,ﾔｹﾞｺｳｴﾝ,Yage park,豊田市市木町1丁目24番地1,,,35.09415,137.19267,2,2,0,0,0,0,0,1,1,0,1,有,無,無,,,,,,
232114,51,愛知県,豊田市,御幸南公園,ﾐﾕｷﾐﾅﾐｺｳｴﾝ,Miyukiminami park,豊田市御幸本町5丁目302番地5,,,35.051,137.14762,2,2,0,0,0,0,0,0,0,0,1,有,無,無,,,,,,
232114,52,愛知県,豊田市,馬洗公園,ｳﾏｱﾗｲｺｳｴﾝ,Umaarai park,豊田市大林町17丁目12番地5,,,35.04749,137.1507,2,2,0,0,0,0,0,0,0,0,1,有,無,無,,,,,,
232114,53,愛知県,豊田市,地楽公園,ﾁﾗｸｺｳｴﾝ,Chiraku park,豊田市大林町14丁目6番地10,,,35.05053,137.14334,2,2,0,0,0,0,0,0,0,0,1,有,無,無,,,,,,
232114,54,愛知県,豊田市,坂下公園,ｻｶｼﾀｺｳｴﾝ,Sakashita park,豊田市大林町12丁目7番地１,,,35.0463,137.14157,2,2,0,0,0,0,0,0,0,0,1,有,無,無,,,,,,
232114,55,愛知県,豊田市,白針公園,ｼﾗﾊﾘｺｳｴﾝ,Shirahari park,豊田市大林町11丁目17番地1,,,35.04474,137.14462,2,2,0,0,0,0,0,0,0,0,1,有,無,無,,,,,,
232114,56,愛知県,豊田市,高根公園,ﾀｶﾈｺｳｴﾝ,Takane park,豊田市大林町10丁目17番地１,,,35.04284,137.14037,2,2,0,0,0,0,0,0,0,0,1,有,有,無,,,,,,
232114,57,愛知県,豊田市,花ケ崎公園,ﾊﾅｶﾞｻｷｺｳｴﾝ,Hanagasaki park,豊田市上野町6丁目107番地,,,35.08807,137.18146,2,2,0,0,0,0,0,1,1,0,1,有,無,無,,,,,,
232114,58,愛知県,豊田市,藤塚公園,ﾌｼﾞﾂﾞｶｺｳｴﾝ,Fujitsuka park,豊田市上野町5丁目4番地,,,35.08926,137.18364,2,2,0,0,0,0,0,1,1,0,1,有,無,無,,,,,,
232114,59,愛知県,豊田市,渋谷公園,ｼﾌﾞﾔｺｳｴﾝ,Shibuya park,豊田市渋谷町1丁目9番地,,,35.08446,137.1835,2,2,0,0,0,0,0,1,1,0,1,有,無,無,,,,,,
232114,60,愛知県,豊田市,北山公園,ｷﾀﾔﾏｺｳｴﾝ,Kitayama park,豊田市美里2丁目30番地,,,35.0841,137.18597,2,2,0,0,0,0,0,1,1,0,1,有,無,無,,,,,,
232114,61,愛知県,豊田市,広川公園,ﾋﾛｶﾜｺｳｴﾝ,Hirokawa park,豊田市広川町7丁目96番地,,,35.0856,137.17976,2,2,0,0,0,0,0,1,1,0,1,有,無,無,,,,,,
232114,62,愛知県,豊田市,三ツ塚公園,ﾐﾂﾂﾞｶｺｳｴﾝ,Mituzuka park,豊田市野見山町1丁目96番地,,,35.07191,137.18269,2,1,1,0,0,0,0,0,0,0,1,有,無,無,,,,,,
232114,63,愛知県,豊田市,田中山公園,ﾀﾅｶﾔﾏｺｳｴﾝ,Tanakayama park,豊田市田中町1丁目132番,,,35.06873,137.11244,2,1,1,0,1,1,0,0,0,0,1,有,無,無,,,,,,
232114,64,愛知県,豊田市,どんぐり公園,ﾄﾞﾝｸﾞﾘｺｳｴﾝ,Donguri park,豊田市乙部ケ丘2丁目13番地17,,,35.15193,137.14067,2,2,0,0,0,0,0,1,1,0,1,有,無,無,,,,,,
232114,65,愛知県,豊田市,やまもも公園,ﾔﾏﾓﾓｺｳｴﾝ,Yamamomo park,豊田市乙部ケ丘3丁目18番地１,,,35.15333,137.14356,2,2,0,0,0,0,0,1,1,0,1,有,無,無,,,,,,
232114,66,愛知県,豊田市,さくら公園,ｻｸﾗｺｳｴﾝ,Sakura park,豊田市乙部ケ丘4丁目12番地3,,,35.15653,137.14358,2,2,0,0,0,0,0,1,1,0,1,有,無,無,,,,,,
232114,67,愛知県,豊田市,白山公園,ﾊｸｻﾝｺｳｴﾝ,Hakusan park,豊田市京町7丁目19番地,,,35.10848,137.16325,2,2,0,0,0,0,0,0,0,0,1,有,無,無,,,,,,
232114,68,愛知県,豊田市,梅ノ木公園,ｳﾒﾉｷｺｳｴﾝ,Umenoki park,豊田市梅坪町1丁目1番地,,,35.10799,137.16024,2,2,0,0,0,0,0,0,0,0,1,有,無,無,,,,,,
232114,69,愛知県,豊田市,浅間公園,ｾﾝｹﾞｺｳｴﾝ,Senge park,豊田市梅坪町1丁目13番地,,,35.10585,137.15898,2,2,0,0,0,0,0,1,1,0,1,有,無,無,,,,,,
232114,70,愛知県,豊田市,下町公園,ｼﾓﾏﾁｺｳｴﾝ,Shimomachi park,豊田市梅坪町2丁目4番地,,,35.10363,137.16041,2,2,0,0,0,0,0,1,1,0,1,有,無,無,,,,,,
232114,71,愛知県,豊田市,京町公園,ｷｮｳﾏﾁｺｳｴﾝ,Kyomachi park,豊田市京町5丁目10番地,,,35.10585,137.16546,2,2,0,0,0,0,0,0,0,0,1,有,無,無,,,,,,
232114,72,愛知県,豊田市,上河原公園,ｶﾐｶﾞﾜﾗｺｳｴﾝ,Kamigawara park,豊田市東梅坪町4丁目2番地,,,35.10503,137.16865,3,2,1,0,2,2,0,0,0,0,1,有,無,無,,,,,,
232114,73,愛知県,豊田市,高宮公園,ﾀｶﾐﾔｺｳｴﾝ,Takamiya park,豊田市東梅坪町4丁目11番地,,,35.10365,137.16591,2,2,0,0,0,0,0,1,1,0,1,有,無,無,,,,,,
232114,74,愛知県,豊田市,中河原公園,ﾅｶｶﾞﾜﾗｺｳｴﾝ,Nakagawara park,豊田市東梅坪町6丁目7,,,35.10111,137.16709,2,1,1,0,1,1,0,0,0,0,1,有,無,無,,,,,,
232114,75,愛知県,豊田市,松平団地公園,ﾏﾂﾀﾞｲﾗﾀﾞﾝﾁｺｳｴﾝ,Matsudairadanchi park,豊田市巴町神田16番地,,,35.06334,137.21211,2,2,0,0,0,0,0,1,1,0,1,有,無,無,,,,,,
232114,76,愛知県,豊田市,市木南公園,ｲﾁｷﾞﾐﾅﾐｺｳｴﾝ,Ichigiminami park,豊田市市木町10丁目19番地,,,35.09254,137.19541,1,1,0,0,0,0,0,1,1,0,1,有,無,無,,,,,,
232114,77,愛知県,豊田市,幸穂台公園,ｻﾁﾎﾀﾞｲｺｳｴﾝ,sachihodai park,豊田市幸穂台3丁目7番地,,,35.08375,137.23012,2,2,0,0,0,0,0,1,1,0,1,有,無,無,,,,,,
232114,78,愛知県,豊田市,三軒屋公園,ｻﾝｹﾞﾝﾔｺｳｴﾝ,Sangenya park,豊田市三軒町5丁目2番地4,,,35.08469,137.13656,2,2,0,0,0,0,0,1,1,0,1,有,無,無,,,,,,
232114,79,愛知県,豊田市,若林西公園,ﾜｶﾊﾞﾔｼﾆｼｺｳｴﾝ,Wakabayashinishi park,豊田市若林西町門田52,,,35.03328,137.0985,3,2,1,0,2,1,1,0,0,0,1,有,無,無,,,,,,
232114,80,愛知県,豊田市,中根公園,ﾅｶﾈｺｳｴﾝ,Nakane park,豊田市中根町小訳64,,,35.01903,137.08974,3,2,0,1,2,1,1,0,0,0,1,有,無,無,,,,,,
232114,81,愛知県,豊田市,青木公園,ｱｵｷｺｳｴﾝ,Aoki park,豊田市青木町5丁目95番地1,,,35.11874,137.17759,2,2,0,0,0,0,0,1,1,0,1,有,無,無,,,,,,
232114,82,愛知県,豊田市,田古屋公園,ﾀｺﾞﾔｺｳｴﾝ,Tagoya park,豊田市梅坪町6丁目8番地,,,35.10085,137.15905,2,2,0,0,0,0,0,1,1,0,1,有,無,無,,,,,,
232114,83,愛知県,豊田市,花園公園,ﾊﾅｿﾞﾉｺｳｴﾝ,Hanazono park,豊田市花園町小松原95番地,,,35.01297,137.07605,2,2,0,0,0,0,0,1,1,0,1,有,無,無,,,,,,
232114,85,愛知県,豊田市,吉原鶴喰公園,ﾖｼﾜﾗﾂﾙｸｲｺｳｴﾝ,Yoshiwaratsurukui park,豊田市吉原町鶴喰19番地1,,,35.02184,137.09297,3,2,1,0,1,1,0,0,0,0,1,有,無,無,,,,,,
232114,86,愛知県,豊田市,若林公園,ﾜｶﾊﾞﾔｼｺｳｴﾝ,Wakabayashi park,豊田市若林東町高根下90番地1,,,35.02676,137.09952,1,1,0,0,0,0,0,1,1,0,0,無,無,無,,,,,,
232114,87,愛知県,豊田市,入沢公園,ｲﾘｻﾜｺｳｴﾝ,Irisawa park,豊田市広川町9丁目152番地,,,35.08151,137.18001,3,2,1,0,0,0,0,0,0,0,1,有,無,無,,,,,,
232114,88,愛知県,豊田市,井畑公園,ｲﾊﾞﾀｺｳｴﾝ,Ibata park,"豊田市平戸橋町下井畑152番地",,,35.11176,137.18977,3,2,1,0,1,1,0,0,0,0,1,有,無,無,,,,,,
232114,89,愛知県,豊田市,尺口公園,ｼｬｸｸﾞﾁｺｳｴﾝ,Shakuguchi park,"豊田市越戸町尺口203番地",,,35.10882,137.18876,3,2,1,0,1,1,0,0,0,0,1,有,無,無,,,,,,
232114,90,愛知県,豊田市,下越戸公園,ｼﾓｺｼﾄﾞｺｳｴﾝ,Shimokoshido park,豊田市越戸町神ノ木101番地,,,35.1065,137.18498,3,2,1,0,1,1,0,0,0,0,1,有,無,無,,,,,,
232114,91,愛知県,豊田市,宮上南公園,ﾐﾔｶﾞﾐﾐﾅﾐｺｳｴﾝ,Miyagamiminami park,豊田市宮上町,,,35.09223,137.13255,3,2,0,1,2,1,1,0,0,0,1,有,無,無,,,,,,
232114,92,愛知県,豊田市,鴛鴨公園,ｵｼｶﾓｺｳｴﾝ,Oshikamo park,豊田市鴛鴨町新林51番地1,,,35.02998,137.14493,2,2,0,0,0,0,0,1,1,0,1,有,無,無,,,,,,
232114,93,愛知県,豊田市,吉原公園,ﾖｼﾜﾗｺｳｴﾝ,Yoshiwara park,豊田市吉原町宮里24番地,,,35.01739,137.09732,2,2,0,0,0,0,0,1,1,0,1,有,無,無,,,,,,
232114,94,愛知県,豊田市,しゅうさん公園,ｼｭｳｻﾝｺｳｴﾝ,Shusan park,豊田市竜神町寺池1番地14,,,35.05359,137.13553,2,2,0,0,0,0,0,1,1,0,1,有,無,無,,,,,,
232114,95,愛知県,豊田市,一本木公園,ｲｯﾎﾟﾝｷﾞｺｳｴﾝ,Ippongi park,豊田市本町共和9番地,,,35.05347,137.11565,2,1,1,0,1,1,0,0,0,0,1,有,無,無,,,,,,
232114,96,愛知県,豊田市,篠原工業団地公園,ｻｻﾊﾞﾗｺｳｷﾞｮｳﾀﾞﾝﾁｺｳｴﾝ,Sasabarakogyodanchi park,豊田市篠原町敷田37番21号,,,35.15519,137.11544,3,2,1,0,1,1,0,0,0,0,1,有,無,無,,,,,,
232114,97,愛知県,豊田市,桜城址公園,ｻｸﾗｼﾞｮｳｼｺｳｴﾝ,Sakurajoshi park,豊田市元城町1丁目51番地,,,35.08463,137.15988,3,2,1,0,2,2,0,0,0,0,1,有,無,無,,,,,,
232114,98,愛知県,豊田市,こまんば公園,ｺﾏﾝﾊﾞｺｳｴﾝ,Komanba park,豊田市駒場町北100番地,,,35.01656,137.05933,2,2,0,0,0,0,0,0,0,0,1,有,無,無,,,,,,
232114,99,愛知県,豊田市,星ケ丘公園,ﾎｼｶﾞｵｶｺｳｴﾝ,Hoshigaoka park,豊田市西岡町星ヶ丘50番地11,,,35.04597,137.0565,2,1,1,0,1,1,0,0,0,0,1,有,無,無,,,,,,
232114,100,愛知県,豊田市,藤岡ﾆｭｰﾊｲﾂ南公園,ﾌｼﾞｵｶﾆｭｰﾊｲﾂﾐﾅﾐｺｳｴﾝ,Fujiokanewhaitsuminami park,豊田市西中山町十七屋4番地137,,,35.17272,137.18143,3,3,0,0,0,0,0,2,2,0,0,無,無,無,,,,,,
232114,101,愛知県,豊田市,緑ヶ丘中公園,ﾐﾄﾞﾘｶﾞｵｶﾅｶｺｳｴﾝ,Midorigaokanaka park,豊田市西中山猿田70番地200,,,35.1615,137.1908,0,0,0,0,0,0,0,2,2,0,0,無,無,無,,,,,,
232114,102,愛知県,豊田市,八幡公園,ﾊﾁﾏﾝｺｳｴﾝ,Hachiman park,豊田市白浜町17番地,,,35.08439,137.16401,3,2,1,0,2,2,0,0,0,0,1,有,無,無,,,,,,
232114,103,愛知県,豊田市,児ノ口公園,ﾁｺﾞﾉｸﾁｺｳｴﾝ,Chigonokuchi park,豊田市久保町3丁目27番地24,,,35.08979,137.16162,6,4,2,0,2,1,1,0,0,0,2,有,無,無,,,,,,
232114,104,愛知県,豊田市,丸山公園,ﾏﾙﾔﾏｺｳｴﾝ,Maruyama park,豊田市丸山町5丁目13番地1,,,35.06434,137.14808,2,2,0,0,0,0,0,0,0,0,1,有,無,無,,,,,,
232114,105,愛知県,豊田市,樹木公園,ｼﾞｭﾓｸｺｳｴﾝ,Jumoku park,豊田市樹木町4丁目1番地,,,35.0781,137.14875,3,2,1,0,2,1,1,0,0,0,1,有,無,無,,,,,,
232114,106,愛知県,豊田市,山ノ手公園,ﾔﾏﾉﾃｺｳｴﾝ,Yamanote park,豊田市山之手7丁目45番地１,,,35.05407,137.14263,2,2,0,0,0,0,0,2,2,0,1,有,無,無,,,,,,
232114,107,愛知県,豊田市,上郷公園,ｶﾐｺﾞｳｺｳｴﾝ,Kamigo park,豊田市上郷町5丁目1番地1,,,35.01685,137.13539,2,2,0,0,0,0,0,1,1,0,1,有,無,無,,,,,,
232114,108,愛知県,豊田市,宮上公園,ﾐﾔｶﾞﾐｺｳｴﾝ,Miyagami park,豊田市宮上町2丁目112番地1,,,35.09151,137.13725,2,2,0,0,0,0,0,0,0,0,1,有,無,無,,,,,,
232114,109,愛知県,豊田市,神池公園,ｶﾐｲｹｺｳｴﾝ,Kamiike park,豊田市美里5丁目14番地,,,35.07702,137.18068,4,4,0,0,0,0,0,1,1,0,2,有,無,無,,,,,,
232114,110,愛知県,豊田市,宝来南公園,ﾎｳﾗｲﾐﾅﾐｺｳｴﾝ,Horaiminami park,豊田市宝来町4丁目755番地178,,,35.07805,137.19028,2,2,0,0,0,0,0,1,1,0,1,有,無,無,,,,,,
232114,111,愛知県,豊田市,平芝坂の上公園,ﾋﾗｼﾊﾞｻｶﾉｳｴｺｳｴﾝ,Hirashibasakanoue park,豊田市平芝町4丁目12番地,,,35.09927,137.15432,3,2,0,1,2,1,1,0,0,0,1,有,無,無,,,,,,
232114,112,愛知県,豊田市,平山公園,ﾋﾗﾔﾏｺｳｴﾝ,Hirayama park,豊田市平山町4丁目6番地1,,,35.05547,137.17412,3,2,1,0,2,2,0,0,0,0,1,有,無,無,,,,,,
232114,113,愛知県,豊田市,深田公園,ﾌｶﾀﾞｺｳｴﾝ,Fukada park,豊田市深田町4丁目28番地,,,35.0662,137.12009,2,2,0,0,0,0,0,2,2,0,1,有,無,無,,,,,,
232114,115,愛知県,豊田市,五ケ丘公園,ｲﾂﾂｶﾞｵｶｺｳｴﾝ,Itsutsugaoka park,豊田市五ケ丘5丁目16番地１,,,35.06197,137.19455,4,3,1,0,2,2,0,0,0,0,1,有,無,無,,,,,,
232114,116,愛知県,豊田市,大林公園,ｵｵﾊﾞﾔｼｺｳｴﾝ,Obayashi park,豊田市大林町15丁目3番地2,,,35.04771,137.14519,2,1,1,0,2,2,0,0,0,0,1,有,無,無,,,,,,
232114,117,愛知県,豊田市,乙部公園,ｵﾄﾍﾞｺｳｴﾝ,Otobe park,豊田市乙部ケ丘1丁目20番地１,,,35.15065,137.14357,4,3,1,0,2,2,0,0,0,0,1,有,無,無,,,,,,
232114,118,愛知県,豊田市,和合公園,ﾜｺﾞｳｺｳｴﾝ,Wago park,豊田市京町3丁目108番地,,,35.1104,137.16811,3,2,1,0,2,2,0,0,0,0,1,有,無,無,,,,,,
232114,119,愛知県,豊田市,梅坪中央公園,ｳﾒﾂﾎﾞﾁｭｳｵｳｺｳｴﾝ,Umetsubochuo park,豊田市東梅坪町1丁目6番地,,,35.10557,137.16162,5,3,1,1,3,2,1,0,0,0,1,有,有,無,,,,,,
232114,120,愛知県,豊田市,竹元公園,ﾀｹﾓﾄｺｳｴﾝ,Takemoto park,豊田市竹元町福田23番地1,,,35.03182,137.10778,3,2,0,1,2,1,1,0,0,0,1,有,無,無,,,,,,
232114,121,愛知県,豊田市,明和公園,ﾒｲﾜｺｳｴﾝ,Meiwa park,豊田市明和町4丁目31番地1,,,35.04699,137.15965,3,2,0,1,2,1,1,0,0,0,1,有,無,無,,,,,,
232114,122,愛知県,豊田市,若林東公園,ﾜｶﾊﾞﾔｼﾋｶﾞｼｺｳｴﾝ,Wakabayashihigashi park,豊田市若林東町石根47番地,,,35.02378,137.09629,3,2,0,1,2,1,1,0,0,0,1,有,無,無,,,,,,
232114,123,愛知県,豊田市,浄水公園,ｼﾞｮｳｽｲｺｳｴﾝ,Josui park,豊田市浄水町,,,35.12195,137.13282,3,2,0,1,2,1,1,0,0,0,1,有,無,無,,,,,,
232114,124,愛知県,豊田市,竹村新池公園,ﾀｹﾑﾗｼﾝｹｺｳｴﾝ,Takemurashinke park,豊田市住吉町上根18番地1,,,35.03593,137.12124,3,2,1,0,1,1,0,0,0,0,1,有,無,無,,,,,,
232114,125,愛知県,豊田市,平芝公園,ﾋﾗｼﾊﾞｺｳｴﾝ,Hirashiba park,豊田市平芝町5丁目16番地,,,35.0981,137.15768,4,4,0,0,0,0,0,1,1,0,2,有,無,無,,,,,,
232114,126,愛知県,豊田市,土橋公園,ﾂﾁﾊｼｺｳｴﾝ,Tsuchihashi park,豊田市土橋町6丁目80番地１,,,35.06032,137.12563,5,4,1,0,2,2,0,1,1,0,2,有,無,無,,,,,,
232114,128,愛知県,豊田市,新生公園,ｼﾝｾｲｺｳｴﾝ,Shinsei park,豊田市新生町2丁目11番地１,,,35.07325,137.14137,2,2,0,0,0,0,0,2,1,1,1,有,無,無,,,,,,
232114,130,愛知県,豊田市,白浜公園,ｼﾗﾊﾏｺｳｴﾝ,Shirahama park,豊田市白浜町,,,35.08475,137.16605,9,8,0,1,2,1,1,6,6,0,1,有,無,無,,,,,,
232114,131,愛知県,豊田市,川端公園,ｶﾜﾊﾞﾀｺｳｴﾝ,Kawabata park,豊田市落合町,,,35.09291,137.16651,6,6,0,0,0,0,0,3,3,0,0,無,無,無,,,,,,
232114,132,愛知県,豊田市,越戸公園,ｺｼﾄﾞｺｳｴﾝ,Koshido park,豊田市越戸町,,,35.10967,137.19115,4,4,0,0,0,0,0,3,3,0,0,無,無,無,,,,,,
232114,133,愛知県,豊田市,荒井公園,ｱﾗｲｺｳｴﾝ,Arai park,豊田市荒井町,,,35.10213,137.17603,2,2,0,0,0,0,0,1,1,0,0,無,無,無,,,,,,
232114,134,愛知県,豊田市,平井公園,ﾋﾗｲｺｳｴﾝ,Hirai park,豊田市平井町,,,35.10486,137.18762,2,2,0,0,0,0,0,1,1,0,0,無,無,無,,,,,,
232114,135,愛知県,豊田市,御立公園,ﾐﾀﾁｺｳｴﾝ,Mitachi park,豊田市御立町,,,35.08007,137.1674,4,4,0,0,0,0,0,3,3,0,0,無,無,無,,,,,,
232114,136,愛知県,豊田市,川田公園,ｶﾜﾀﾞｺｳｴﾝ,Kawada park,豊田市川田町,,,35.09681,137.16881,2,2,0,0,0,0,0,1,1,0,0,無,無,無,,,,,,
232114,137,愛知県,豊田市,扶桑公園,ﾌｿｳｺｳｴﾝ,Fuso park,豊田市扶桑町5丁目73番地,,,35.10985,137.19363,3,2,1,0,2,2,0,0,0,0,1,有,無,無,,,,,,
232114,143,愛知県,豊田市,鞍ケ池緑地,ｸﾗｶﾞｲｹﾘﾖｸﾁ,Kuragaike ryokuchi,豊田市矢並町法沢713番地24,,,35.09823,137.21806,61,42,12,7,46,31,15,3,2,1,10,有,有,無,,,,,,
232114,144,愛知県,豊田市,西山公園,ﾆｼﾔﾏｺｳｴﾝ,Nishiyama park,豊田市西山町5丁目1番地,,,35.10457,137.15542,7,5,2,0,5,4,1,0,0,0,3,有,無,無,,,,,,
232114,145,愛知県,豊田市,枝下緑道,ｼﾀﾞﾚﾘﾖｸﾄﾞｳ,Shidare ryokudo,豊田市月見町～秋葉町,,,35.08104,137.14835,8,4,4,0,4,4,0,2,2,0,3,有,無,無,,,,,,
232114,146,愛知県,豊田市,明治緑道,ﾒｲｼﾞﾘﾖｸﾄﾞｳ,Meiji ryokudo,豊田市広見町上山～福受町松下,,,35.00544,137.12071,2,2,0,0,0,0,0,1,1,0,1,有,無,無,,,,,,
232114,147,愛知県,豊田市,古瀬間墓園,ｺｾﾏﾎﾞｴﾝ,Kosemaboen,豊田市古瀬間町追手678番地,,,35.0786,137.21552,11,9,2,0,3,3,0,3,3,0,5,有,無,無,,,,,,
232114,148,愛知県,豊田市,水源緑地,ｽｲｹﾞﾝﾘﾖｸﾁ,Suigen ryokuchi,豊田市平和町7丁目28番地,,,35.04863,137.17819,3,2,1,0,2,2,0,0,0,0,1,有,無,無,,,,,,
232114,149,愛知県,豊田市,若園緑地,ﾜｶｿﾞﾉﾘｮｸﾁ,Wakazono ryokuchi,豊田市花園町観音山22番地100,,,35.01495,137.08522,3,2,1,0,2,1,1,0,0,0,1,有,無,無,,,,,,
232114,150,愛知県,豊田市,山田川緑地,ﾔﾏﾀﾞｶﾞﾜﾘﾖｸﾁ,Yamadagawa ryokuchi,豊田市御船町,,,35.14585,137.19163,2,2,0,0,0,0,0,1,1,0,0,無,無,無,,,,,,
232114,151,愛知県,豊田市,木瀬ダム周辺公園,ｷｾﾀﾞﾑｼｭｳﾍﾝｺｳｴﾝ,Kisedam park,豊田市三箇町,,,35.22594,137.21814,6,2,2,2,0,0,0,0,0,0,1,有,無,無,,,,,,
232114,152,愛知県,豊田市,野見山展望園地,ﾉﾐﾔﾏﾃﾝﾎﾞｳｴﾝﾁ,Nomiyamatenboenchi,豊田市野見山町4丁目40番地28,,,35.06415,137.18203,3,2,1,0,1,1,0,0,0,0,1,有,無,無,,,,,,
232114,153,愛知県,豊田市,水源桜並木,ｽｲｹﾞﾝｻｸﾗﾅﾐｷ,Suigensakuranamiki,豊田市水源町6丁目6番地5,,,35.05197,137.17881,3,2,1,0,2,2,0,0,0,0,1,有,無,無,,,,,,
